Cruise,Bottle Number,Sample Type,Sample Volume [mL],Filter Diameter [mm],Filter Pore Size [um],Parameter Name,Parameter Value,Parameter Units,Laboratory,Researcher,Analysis Method,Comment Name,Comment Value
Dorado389_2013_295_00_295_00,0,peak,1800,25,30,B1006_barnacles,0.081,OD A450 nm,Vrijenhoek,Harvey,Sandwich Hybridization Assay,,
Dorado389_2013_295_00_295_00,0,peak,1800,25,30,Cal1939_calanoida,0.075,OD A450 nm,Vrijenhoek,Harvey,Sandwich Hybridization Assay,,
Dorado389_2013_295_00_295_00,0,peak,1800,25,30,sab1182_sabellariidae,0.438,OD A450 nm,Vrijenhoek,Harvey,Sandwich Hybridization Assay,,
Dorado389_2013_295_00_295_00,0,peak,1800,25,30,tuni931_tunicata,0.079,OD A450 nm,Vrijenhoek,Harvey,Sandwich Hybridization Assay,,
Dorado389_2013_295_00_295_00,0,peak,1800,25,30,echi1712_echinoidea,0.158,OD A450 nm,Vrijenhoek,Harvey,Sandwich Hybridization Assay,,
Dorado389_2013_295_00_295_00,0,peak,1800,25,30,brac2467_brachyura,0.054,OD A450 nm,Vrijenhoek,Harvey,Sandwich Hybridization Assay,,
Dorado389_2013_295_00_295_00,1,peak,1800,25,30,B1006_barnacles,0.107,OD A450 nm,Vrijenhoek,Harvey,Sandwich Hybridization Assay,,
Dorado389_2013_295_00_295_00,1,peak,1800,25,30,Cal1939_calanoida,0.137,OD A450 nm,Vrijenhoek,Harvey,Sandwich Hybridization Assay,,
Dorado389_2013_295_00_295_00,1,peak,1800,25,30,sab1182_sabellariidae,0.103,OD A450 nm,Vrijenhoek,Harvey,Sandwich Hybridization Assay,,
Dorado389_2013_295_00_295_00,1,peak,1800,25,30,tuni931_tunicata,0.47,OD A450 nm,Vrijenhoek,Harvey,Sandwich Hybridization Assay,,
Dorado389_2013_295_00_295_00,1,peak,1800,25,30,echi1712_echinoidea,4,OD A450 nm,Vrijenhoek,Harvey,Sandwich Hybridization Assay,,
Dorado389_2013_295_00_295_00,1,peak,1800,25,30,brac2467_brachyura,0.056,OD A450 nm,Vrijenhoek,Harvey,Sandwich Hybridization Assay,,
Dorado389_2013_295_00_295_00,2,peak,1800,25,30,B1006_barnacles,0.108,OD A450 nm,Vrijenhoek,Harvey,Sandwich Hybridization Assay,,
Dorado389_2013_295_00_295_00,2,peak,1800,25,30,Cal1939_calanoida,0.157,OD A450 nm,Vrijenhoek,Harvey,Sandwich Hybridization Assay,,
Dorado389_2013_295_00_295_00,2,peak,1800,25,30,sab1182_sabellariidae,0.234,OD A450 nm,Vrijenhoek,Harvey,Sandwich Hybridization Assay,,
Dorado389_2013_295_00_295_00,2,peak,1800,25,30,tuni931_tunicata,0.282,OD A450 nm,Vrijenhoek,Harvey,Sandwich Hybridization Assay,,
Dorado389_2013_295_00_295_00,2,peak,1800,25,30,echi1712_echinoidea,3.621,OD A450 nm,Vrijenhoek,Harvey,Sandwich Hybridization Assay,,
Dorado389_2013_295_00_295_00,2,peak,1800,25,30,brac2467_brachyura,0.085,OD A450 nm,Vrijenhoek,Harvey,Sandwich Hybridization Assay,,
Dorado389_2013_295_00_295_00,3,peak,1800,25,30,B1006_barnacles,0.039,OD A450 nm,Vrijenhoek,Harvey,Sandwich Hybridization Assay,,
Dorado389_2013_295_00_295_00,3,peak,1800,25,30,Cal1939_calanoida,0.14,OD A450 nm,Vrijenhoek,Harvey,Sandwich Hybridization Assay,,
Dorado389_2013_295_00_295_00,3,peak,1800,25,30,sab1182_sabellariidae,0.232,OD A450 nm,Vrijenhoek,Harvey,Sandwich Hybridization Assay,,
Dorado389_2013_295_00_295_00,3,peak,1800,25,30,tuni931_tunicata,0.213,OD A450 nm,Vrijenhoek,Harvey,Sandwich Hybridization Assay,,
Dorado389_2013_295_00_295_00,3,peak,1800,25,30,echi1712_echinoidea,0.139,OD A450 nm,Vrijenhoek,Harvey,Sandwich Hybridization Assay,,
Dorado389_2013_295_00_295_00,3,peak,1800,25,30,brac2467_brachyura,0.034,OD A450 nm,Vrijenhoek,Harvey,Sandwich Hybridization Assay,,
Dorado389_2013_295_00_295_00,4,peak,1800,25,30,B1006_barnacles,0.059,OD A450 nm,Vrijenhoek,Harvey,Sandwich Hybridization Assay,,
Dorado389_2013_295_00_295_00,4,peak,1800,25,30,Cal1939_calanoida,0.67,OD A450 nm,Vrijenhoek,Harvey,Sandwich Hybridization Assay,,
Dorado389_2013_295_00_295_00,4,peak,1800,25,30,sab1182_sabellariidae,0.062,OD A450 nm,Vrijenhoek,Harvey,Sandwich Hybridization Assay,,
Dorado389_2013_295_00_295_00,4,peak,1800,25,30,tuni931_tunicata,0.726,OD A450 nm,Vrijenhoek,Harvey,Sandwich Hybridization Assay,,
Dorado389_2013_295_00_295_00,4,peak,1800,25,30,echi1712_echinoidea,0.261,OD A450 nm,Vrijenhoek,Harvey,Sandwich Hybridization Assay,,
Dorado389_2013_295_00_295_00,4,peak,1800,25,30,brac2467_brachyura,0.055,OD A450 nm,Vrijenhoek,Harvey,Sandwich Hybridization Assay,,
Dorado389_2013_295_01_295_01,0,peak,1800,25,30,B1006_barnacles,0.064,OD A450 nm,Vrijenhoek,Harvey,Sandwich Hybridization Assay,,
Dorado389_2013_295_01_295_01,0,peak,1800,25,30,Cal1939_calanoida,0.537,OD A450 nm,Vrijenhoek,Harvey,Sandwich Hybridization Assay,,
Dorado389_2013_295_01_295_01,0,peak,1800,25,30,sab1182_sabellariidae,0.052,OD A450 nm,Vrijenhoek,Harvey,Sandwich Hybridization Assay,,
Dorado389_2013_295_01_295_01,0,peak,1800,25,30,tuni931_tunicata,0.671,OD A450 nm,Vrijenhoek,Harvey,Sandwich Hybridization Assay,,
Dorado389_2013_295_01_295_01,0,peak,1800,25,30,echi1712_echinoidea,0.114,OD A450 nm,Vrijenhoek,Harvey,Sandwich Hybridization Assay,,
Dorado389_2013_295_01_295_01,0,peak,1800,25,30,brac2467_brachyura,0.049,OD A450 nm,Vrijenhoek,Harvey,Sandwich Hybridization Assay,,
Dorado389_2013_295_01_295_01,1,peak,1800,25,30,B1006_barnacles,0.055,OD A450 nm,Vrijenhoek,Harvey,Sandwich Hybridization Assay,,
Dorado389_2013_295_01_295_01,1,peak,1800,25,30,Cal1939_calanoida,0.43,OD A450 nm,Vrijenhoek,Harvey,Sandwich Hybridization Assay,,
Dorado389_2013_295_01_295_01,1,peak,1800,25,30,sab1182_sabellariidae,0.052,OD A450 nm,Vrijenhoek,Harvey,Sandwich Hybridization Assay,,
Dorado389_2013_295_01_295_01,1,peak,1800,25,30,tuni931_tunicata,0.068,OD A450 nm,Vrijenhoek,Harvey,Sandwich Hybridization Assay,,
Dorado389_2013_295_01_295_01,1,peak,1800,25,30,echi1712_echinoidea,0.107,OD A450 nm,Vrijenhoek,Harvey,Sandwich Hybridization Assay,,
Dorado389_2013_295_01_295_01,1,peak,1800,25,30,brac2467_brachyura,0.052,OD A450 nm,Vrijenhoek,Harvey,Sandwich Hybridization Assay,,
Dorado389_2013_295_01_295_01,2,peak,1800,25,30,B1006_barnacles,0.05,OD A450 nm,Vrijenhoek,Harvey,Sandwich Hybridization Assay,,
Dorado389_2013_295_01_295_01,2,peak,1800,25,30,Cal1939_calanoida,0.09,OD A450 nm,Vrijenhoek,Harvey,Sandwich Hybridization Assay,,
Dorado389_2013_295_01_295_01,2,peak,1800,25,30,sab1182_sabellariidae,0.048,OD A450 nm,Vrijenhoek,Harvey,Sandwich Hybridization Assay,,
Dorado389_2013_295_01_295_01,2,peak,1800,25,30,tuni931_tunicata,0.078,OD A450 nm,Vrijenhoek,Harvey,Sandwich Hybridization Assay,,
Dorado389_2013_295_01_295_01,2,peak,1800,25,30,echi1712_echinoidea,0.067,OD A450 nm,Vrijenhoek,Harvey,Sandwich Hybridization Assay,,
Dorado389_2013_295_01_295_01,2,peak,1800,25,30,brac2467_brachyura,0.048,OD A450 nm,Vrijenhoek,Harvey,Sandwich Hybridization Assay,,
Dorado389_2013_295_01_295_01,3,peak,1800,25,30,B1006_barnacles,0.059,OD A450 nm,Vrijenhoek,Harvey,Sandwich Hybridization Assay,,
Dorado389_2013_295_01_295_01,3,peak,1800,25,30,Cal1939_calanoida,0.131,OD A450 nm,Vrijenhoek,Harvey,Sandwich Hybridization Assay,,
Dorado389_2013_295_01_295_01,3,peak,1800,25,30,sab1182_sabellariidae,0.052,OD A450 nm,Vrijenhoek,Harvey,Sandwich Hybridization Assay,,
Dorado389_2013_295_01_295_01,3,peak,1800,25,30,tuni931_tunicata,0.313,OD A450 nm,Vrijenhoek,Harvey,Sandwich Hybridization Assay,,
Dorado389_2013_295_01_295_01,3,peak,1800,25,30,echi1712_echinoidea,0.061,OD A450 nm,Vrijenhoek,Harvey,Sandwich Hybridization Assay,,
Dorado389_2013_295_01_295_01,3,peak,1800,25,30,brac2467_brachyura,0.05,OD A450 nm,Vrijenhoek,Harvey,Sandwich Hybridization Assay,,
Dorado389_2013_295_01_295_01,4,peak,1800,25,30,B1006_barnacles,0.054,OD A450 nm,Vrijenhoek,Harvey,Sandwich Hybridization Assay,,
Dorado389_2013_295_01_295_01,4,peak,1800,25,30,Cal1939_calanoida,0.072,OD A450 nm,Vrijenhoek,Harvey,Sandwich Hybridization Assay,,
Dorado389_2013_295_01_295_01,4,peak,1800,25,30,sab1182_sabellariidae,0.049,OD A450 nm,Vrijenhoek,Harvey,Sandwich Hybridization Assay,,
Dorado389_2013_295_01_295_01,4,peak,1800,25,30,tuni931_tunicata,0.203,OD A450 nm,Vrijenhoek,Harvey,Sandwich Hybridization Assay,,
Dorado389_2013_295_01_295_01,4,peak,1800,25,30,echi1712_echinoidea,0.074,OD A450 nm,Vrijenhoek,Harvey,Sandwich Hybridization Assay,,
Dorado389_2013_295_01_295_01,4,peak,1800,25,30,brac2467_brachyura,0.067,OD A450 nm,Vrijenhoek,Harvey,Sandwich Hybridization Assay,,
Dorado389_2013_295_01_295_01,5,peak,1800,25,30,B1006_barnacles,0.059,OD A450 nm,Vrijenhoek,Harvey,Sandwich Hybridization Assay,,
Dorado389_2013_295_01_295_01,5,peak,1800,25,30,Cal1939_calanoida,0.281,OD A450 nm,Vrijenhoek,Harvey,Sandwich Hybridization Assay,,
Dorado389_2013_295_01_295_01,5,peak,1800,25,30,sab1182_sabellariidae,0.24,OD A450 nm,Vrijenhoek,Harvey,Sandwich Hybridization Assay,,
Dorado389_2013_295_01_295_01,5,peak,1800,25,30,tuni931_tunicata,1.532,OD A450 nm,Vrijenhoek,Harvey,Sandwich Hybridization Assay,,
Dorado389_2013_295_01_295_01,5,peak,1800,25,30,echi1712_echinoidea,0.145,OD A450 nm,Vrijenhoek,Harvey,Sandwich Hybridization Assay,,
Dorado389_2013_295_01_295_01,5,peak,1800,25,30,brac2467_brachyura,0.05,OD A450 nm,Vrijenhoek,Harvey,Sandwich Hybridization Assay,,
Dorado389_2013_295_01_295_01,6,peak,1800,25,30,B1006_barnacles,0.065,OD A450 nm,Vrijenhoek,Harvey,Sandwich Hybridization Assay,,
Dorado389_2013_295_01_295_01,6,peak,1800,25,30,Cal1939_calanoida,0.199,OD A450 nm,Vrijenhoek,Harvey,Sandwich Hybridization Assay,,
Dorado389_2013_295_01_295_01,6,peak,1800,25,30,sab1182_sabellariidae,0.295,OD A450 nm,Vrijenhoek,Harvey,Sandwich Hybridization Assay,,
Dorado389_2013_295_01_295_01,6,peak,1800,25,30,tuni931_tunicata,0.195,OD A450 nm,Vrijenhoek,Harvey,Sandwich Hybridization Assay,,
Dorado389_2013_295_01_295_01,6,peak,1800,25,30,echi1712_echinoidea,0.316,OD A450 nm,Vrijenhoek,Harvey,Sandwich Hybridization Assay,,
Dorado389_2013_295_01_295_01,6,peak,1800,25,30,brac2467_brachyura,0.043,OD A450 nm,Vrijenhoek,Harvey,Sandwich Hybridization Assay,,
Dorado389_2013_295_01_295_01,7,peak,1800,25,30,B1006_barnacles,0.056,OD A450 nm,Vrijenhoek,Harvey,Sandwich Hybridization Assay,,
Dorado389_2013_295_01_295_01,7,peak,1800,25,30,Cal1939_calanoida,0.149,OD A450 nm,Vrijenhoek,Harvey,Sandwich Hybridization Assay,,
Dorado389_2013_295_01_295_01,7,peak,1800,25,30,sab1182_sabellariidae,0.053,OD A450 nm,Vrijenhoek,Harvey,Sandwich Hybridization Assay,,
Dorado389_2013_295_01_295_01,7,peak,1800,25,30,tuni931_tunicata,0.156,OD A450 nm,Vrijenhoek,Harvey,Sandwich Hybridization Assay,,
Dorado389_2013_295_01_295_01,7,peak,1800,25,30,echi1712_echinoidea,0.14,OD A450 nm,Vrijenhoek,Harvey,Sandwich Hybridization Assay,,
Dorado389_2013_295_01_295_01,7,peak,1800,25,30,brac2467_brachyura,0.05,OD A450 nm,Vrijenhoek,Harvey,Sandwich Hybridization Assay,,
Dorado389_2013_295_01_295_01,8,peak,1800,25,30,B1006_barnacles,0.067,OD A450 nm,Vrijenhoek,Harvey,Sandwich Hybridization Assay,,
Dorado389_2013_295_01_295_01,8,peak,1800,25,30,Cal1939_calanoida,0.258,OD A450 nm,Vrijenhoek,Harvey,Sandwich Hybridization Assay,,
Dorado389_2013_295_01_295_01,8,peak,1800,25,30,sab1182_sabellariidae,0.14,OD A450 nm,Vrijenhoek,Harvey,Sandwich Hybridization Assay,,
Dorado389_2013_295_01_295_01,8,peak,1800,25,30,tuni931_tunicata,1.033,OD A450 nm,Vrijenhoek,Harvey,Sandwich Hybridization Assay,,
Dorado389_2013_295_01_295_01,8,peak,1800,25,30,echi1712_echinoidea,2.216,OD A450 nm,Vrijenhoek,Harvey,Sandwich Hybridization Assay,,
Dorado389_2013_295_01_295_01,8,peak,1800,25,30,brac2467_brachyura,0.049,OD A450 nm,Vrijenhoek,Harvey,Sandwich Hybridization Assay,,
Dorado389_2013_296_00_296_00,0,peak,1800,25,30,B1006_barnacles,0.087,OD A450 nm,Vrijenhoek,Harvey,Sandwich Hybridization Assay,,
Dorado389_2013_296_00_296_00,0,peak,1800,25,30,Cal1939_calanoida,0.09,OD A450 nm,Vrijenhoek,Harvey,Sandwich Hybridization Assay,,
Dorado389_2013_296_00_296_00,0,peak,1800,25,30,sab1182_sabellariidae,0.158,OD A450 nm,Vrijenhoek,Harvey,Sandwich Hybridization Assay,,
Dorado389_2013_296_00_296_00,0,peak,1800,25,30,tuni931_tunicata,0.066,OD A450 nm,Vrijenhoek,Harvey,Sandwich Hybridization Assay,,
Dorado389_2013_296_00_296_00,0,peak,1800,25,30,echi1712_echinoidea,4,OD A450 nm,Vrijenhoek,Harvey,Sandwich Hybridization Assay,,
Dorado389_2013_296_00_296_00,0,peak,1800,25,30,brac2467_brachyura,0.052,OD A450 nm,Vrijenhoek,Harvey,Sandwich Hybridization Assay,,
Dorado389_2013_296_00_296_00,1,peak,1800,25,30,B1006_barnacles,0.085,OD A450 nm,Vrijenhoek,Harvey,Sandwich Hybridization Assay,,
Dorado389_2013_296_00_296_00,1,peak,1800,25,30,Cal1939_calanoida,0.109,OD A450 nm,Vrijenhoek,Harvey,Sandwich Hybridization Assay,,
Dorado389_2013_296_00_296_00,1,peak,1800,25,30,sab1182_sabellariidae,0.087,OD A450 nm,Vrijenhoek,Harvey,Sandwich Hybridization Assay,,
Dorado389_2013_296_00_296_00,1,peak,1800,25,30,tuni931_tunicata,0.494,OD A450 nm,Vrijenhoek,Harvey,Sandwich Hybridization Assay,,
Dorado389_2013_296_00_296_00,1,peak,1800,25,30,echi1712_echinoidea,4,OD A450 nm,Vrijenhoek,Harvey,Sandwich Hybridization Assay,,
Dorado389_2013_296_00_296_00,1,peak,1800,25,30,brac2467_brachyura,0.045,OD A450 nm,Vrijenhoek,Harvey,Sandwich Hybridization Assay,,
Dorado389_2013_296_00_296_00,2,peak,1800,25,30,B1006_barnacles,0.084,OD A450 nm,Vrijenhoek,Harvey,Sandwich Hybridization Assay,,
Dorado389_2013_296_00_296_00,2,peak,1800,25,30,Cal1939_calanoida,0.142,OD A450 nm,Vrijenhoek,Harvey,Sandwich Hybridization Assay,,
Dorado389_2013_296_00_296_00,2,peak,1800,25,30,sab1182_sabellariidae,0.158,OD A450 nm,Vrijenhoek,Harvey,Sandwich Hybridization Assay,,
Dorado389_2013_296_00_296_00,2,peak,1800,25,30,tuni931_tunicata,0.194,OD A450 nm,Vrijenhoek,Harvey,Sandwich Hybridization Assay,,
Dorado389_2013_296_00_296_00,2,peak,1800,25,30,echi1712_echinoidea,4,OD A450 nm,Vrijenhoek,Harvey,Sandwich Hybridization Assay,,
Dorado389_2013_296_00_296_00,2,peak,1800,25,30,brac2467_brachyura,0.041,OD A450 nm,Vrijenhoek,Harvey,Sandwich Hybridization Assay,,
Dorado389_2013_296_00_296_00,3,peak,1800,25,30,B1006_barnacles,0.073,OD A450 nm,Vrijenhoek,Harvey,Sandwich Hybridization Assay,,
Dorado389_2013_296_00_296_00,3,peak,1800,25,30,Cal1939_calanoida,0.285,OD A450 nm,Vrijenhoek,Harvey,Sandwich Hybridization Assay,,
Dorado389_2013_296_00_296_00,3,peak,1800,25,30,sab1182_sabellariidae,0.148,OD A450 nm,Vrijenhoek,Harvey,Sandwich Hybridization Assay,,
Dorado389_2013_296_00_296_00,3,peak,1800,25,30,tuni931_tunicata,0.435,OD A450 nm,Vrijenhoek,Harvey,Sandwich Hybridization Assay,,
Dorado389_2013_296_00_296_00,3,peak,1800,25,30,echi1712_echinoidea,4,OD A450 nm,Vrijenhoek,Harvey,Sandwich Hybridization Assay,,
Dorado389_2013_296_00_296_00,3,peak,1800,25,30,brac2467_brachyura,0.049,OD A450 nm,Vrijenhoek,Harvey,Sandwich Hybridization Assay,,
Dorado389_2013_296_00_296_00,4,peak,1800,25,30,B1006_barnacles,0.065,OD A450 nm,Vrijenhoek,Harvey,Sandwich Hybridization Assay,,
Dorado389_2013_296_00_296_00,4,peak,1800,25,30,Cal1939_calanoida,0.32,OD A450 nm,Vrijenhoek,Harvey,Sandwich Hybridization Assay,,
Dorado389_2013_296_00_296_00,4,peak,1800,25,30,sab1182_sabellariidae,0.055,OD A450 nm,Vrijenhoek,Harvey,Sandwich Hybridization Assay,,
Dorado389_2013_296_00_296_00,4,peak,1800,25,30,tuni931_tunicata,0.07,OD A450 nm,Vrijenhoek,Harvey,Sandwich Hybridization Assay,,
Dorado389_2013_296_00_296_00,4,peak,1800,25,30,echi1712_echinoidea,4,OD A450 nm,Vrijenhoek,Harvey,Sandwich Hybridization Assay,,
Dorado389_2013_296_00_296_00,4,peak,1800,25,30,brac2467_brachyura,0.056,OD A450 nm,Vrijenhoek,Harvey,Sandwich Hybridization Assay,,
Dorado389_2013_296_00_296_00,5,peak,1800,25,30,B1006_barnacles,0.058,OD A450 nm,Vrijenhoek,Harvey,Sandwich Hybridization Assay,,
Dorado389_2013_296_00_296_00,5,peak,1800,25,30,Cal1939_calanoida,0.376,OD A450 nm,Vrijenhoek,Harvey,Sandwich Hybridization Assay,,
Dorado389_2013_296_00_296_00,5,peak,1800,25,30,sab1182_sabellariidae,0.047,OD A450 nm,Vrijenhoek,Harvey,Sandwich Hybridization Assay,,
Dorado389_2013_296_00_296_00,5,peak,1800,25,30,tuni931_tunicata,1.065,OD A450 nm,Vrijenhoek,Harvey,Sandwich Hybridization Assay,,
Dorado389_2013_296_00_296_00,5,peak,1800,25,30,echi1712_echinoidea,3.522,OD A450 nm,Vrijenhoek,Harvey,Sandwich Hybridization Assay,,
Dorado389_2013_296_00_296_00,5,peak,1800,25,30,brac2467_brachyura,0.046,OD A450 nm,Vrijenhoek,Harvey,Sandwich Hybridization Assay,,
Dorado389_2013_296_00_296_00,6,peak,1800,25,30,B1006_barnacles,0.066,OD A450 nm,Vrijenhoek,Harvey,Sandwich Hybridization Assay,,
Dorado389_2013_296_00_296_00,6,peak,1800,25,30,Cal1939_calanoida,0.202,OD A450 nm,Vrijenhoek,Harvey,Sandwich Hybridization Assay,,
Dorado389_2013_296_00_296_00,6,peak,1800,25,30,sab1182_sabellariidae,0.061,OD A450 nm,Vrijenhoek,Harvey,Sandwich Hybridization Assay,,
Dorado389_2013_296_00_296_00,6,peak,1800,25,30,tuni931_tunicata,0.917,OD A450 nm,Vrijenhoek,Harvey,Sandwich Hybridization Assay,,
Dorado389_2013_296_00_296_00,6,peak,1800,25,30,echi1712_echinoidea,0.696,OD A450 nm,Vrijenhoek,Harvey,Sandwich Hybridization Assay,,
Dorado389_2013_296_00_296_00,6,peak,1800,25,30,brac2467_brachyura,0.055,OD A450 nm,Vrijenhoek,Harvey,Sandwich Hybridization Assay,,
Dorado389_2013_296_00_296_00,7,peak,1800,25,30,B1006_barnacles,0.148,OD A450 nm,Vrijenhoek,Harvey,Sandwich Hybridization Assay,,
Dorado389_2013_296_00_296_00,7,peak,1800,25,30,Cal1939_calanoida,0.214,OD A450 nm,Vrijenhoek,Harvey,Sandwich Hybridization Assay,,
Dorado389_2013_296_00_296_00,7,peak,1800,25,30,sab1182_sabellariidae,0.049,OD A450 nm,Vrijenhoek,Harvey,Sandwich Hybridization Assay,,
Dorado389_2013_296_00_296_00,7,peak,1800,25,30,tuni931_tunicata,0.897,OD A450 nm,Vrijenhoek,Harvey,Sandwich Hybridization Assay,,
Dorado389_2013_296_00_296_00,7,peak,1800,25,30,echi1712_echinoidea,0.458,OD A450 nm,Vrijenhoek,Harvey,Sandwich Hybridization Assay,,
Dorado389_2013_296_00_296_00,7,peak,1800,25,30,brac2467_brachyura,0.051,OD A450 nm,Vrijenhoek,Harvey,Sandwich Hybridization Assay,,
Dorado389_2013_296_00_296_00,8,peak,1800,25,30,B1006_barnacles,0.061,OD A450 nm,Vrijenhoek,Harvey,Sandwich Hybridization Assay,,
Dorado389_2013_296_00_296_00,8,peak,1800,25,30,Cal1939_calanoida,0.456,OD A450 nm,Vrijenhoek,Harvey,Sandwich Hybridization Assay,,
Dorado389_2013_296_00_296_00,8,peak,1800,25,30,sab1182_sabellariidae,0.06,OD A450 nm,Vrijenhoek,Harvey,Sandwich Hybridization Assay,,
Dorado389_2013_296_00_296_00,8,peak,1800,25,30,tuni931_tunicata,2.323,OD A450 nm,Vrijenhoek,Harvey,Sandwich Hybridization Assay,,
Dorado389_2013_296_00_296_00,8,peak,1800,25,30,echi1712_echinoidea,0.27,OD A450 nm,Vrijenhoek,Harvey,Sandwich Hybridization Assay,,
Dorado389_2013_296_00_296_00,8,peak,1800,25,30,brac2467_brachyura,0.055,OD A450 nm,Vrijenhoek,Harvey,Sandwich Hybridization Assay,,
Dorado389_2013_296_01_296_01,0,peak,1800,25,30,B1006_barnacles,0.049,OD A450 nm,Vrijenhoek,Harvey,Sandwich Hybridization Assay,,
Dorado389_2013_296_01_296_01,0,peak,1800,25,30,Cal1939_calanoida,0.155,OD A450 nm,Vrijenhoek,Harvey,Sandwich Hybridization Assay,,
Dorado389_2013_296_01_296_01,0,peak,1800,25,30,sab1182_sabellariidae,0.048,OD A450 nm,Vrijenhoek,Harvey,Sandwich Hybridization Assay,,
Dorado389_2013_296_01_296_01,0,peak,1800,25,30,tuni931_tunicata,0.295,OD A450 nm,Vrijenhoek,Harvey,Sandwich Hybridization Assay,,
Dorado389_2013_296_01_296_01,0,peak,1800,25,30,echi1712_echinoidea,0.061,OD A450 nm,Vrijenhoek,Harvey,Sandwich Hybridization Assay,,
Dorado389_2013_296_01_296_01,0,peak,1800,25,30,brac2467_brachyura,0.052,OD A450 nm,Vrijenhoek,Harvey,Sandwich Hybridization Assay,,
Dorado389_2013_296_01_296_01,1,peak,1800,25,30,B1006_barnacles,0.065,OD A450 nm,Vrijenhoek,Harvey,Sandwich Hybridization Assay,,
Dorado389_2013_296_01_296_01,1,peak,1800,25,30,Cal1939_calanoida,0.188,OD A450 nm,Vrijenhoek,Harvey,Sandwich Hybridization Assay,,
Dorado389_2013_296_01_296_01,1,peak,1800,25,30,sab1182_sabellariidae,0.051,OD A450 nm,Vrijenhoek,Harvey,Sandwich Hybridization Assay,,
Dorado389_2013_296_01_296_01,1,peak,1800,25,30,tuni931_tunicata,0.119,OD A450 nm,Vrijenhoek,Harvey,Sandwich Hybridization Assay,,
Dorado389_2013_296_01_296_01,1,peak,1800,25,30,echi1712_echinoidea,0.107,OD A450 nm,Vrijenhoek,Harvey,Sandwich Hybridization Assay,,
Dorado389_2013_296_01_296_01,1,peak,1800,25,30,brac2467_brachyura,0.053,OD A450 nm,Vrijenhoek,Harvey,Sandwich Hybridization Assay,,
Dorado389_2013_296_01_296_01,2,peak,1800,25,30,B1006_barnacles,0.053,OD A450 nm,Vrijenhoek,Harvey,Sandwich Hybridization Assay,,
Dorado389_2013_296_01_296_01,2,peak,1800,25,30,Cal1939_calanoida,0.769,OD A450 nm,Vrijenhoek,Harvey,Sandwich Hybridization Assay,,
Dorado389_2013_296_01_296_01,2,peak,1800,25,30,sab1182_sabellariidae,0.049,OD A450 nm,Vrijenhoek,Harvey,Sandwich Hybridization Assay,,
Dorado389_2013_296_01_296_01,2,peak,1800,25,30,tuni931_tunicata,1.067,OD A450 nm,Vrijenhoek,Harvey,Sandwich Hybridization Assay,,
Dorado389_2013_296_01_296_01,2,peak,1800,25,30,echi1712_echinoidea,0.525,OD A450 nm,Vrijenhoek,Harvey,Sandwich Hybridization Assay,,
Dorado389_2013_296_01_296_01,2,peak,1800,25,30,brac2467_brachyura,0.049,OD A450 nm,Vrijenhoek,Harvey,Sandwich Hybridization Assay,,
Dorado389_2013_296_01_296_01,3,peak,1800,25,30,B1006_barnacles,0.054,OD A450 nm,Vrijenhoek,Harvey,Sandwich Hybridization Assay,,
Dorado389_2013_296_01_296_01,3,peak,1800,25,30,Cal1939_calanoida,0.409,OD A450 nm,Vrijenhoek,Harvey,Sandwich Hybridization Assay,,
Dorado389_2013_296_01_296_01,3,peak,1800,25,30,sab1182_sabellariidae,0.052,OD A450 nm,Vrijenhoek,Harvey,Sandwich Hybridization Assay,,
Dorado389_2013_296_01_296_01,3,peak,1800,25,30,tuni931_tunicata,1.784,OD A450 nm,Vrijenhoek,Harvey,Sandwich Hybridization Assay,,
Dorado389_2013_296_01_296_01,3,peak,1800,25,30,echi1712_echinoidea,0.27,OD A450 nm,Vrijenhoek,Harvey,Sandwich Hybridization Assay,,
Dorado389_2013_296_01_296_01,3,peak,1800,25,30,brac2467_brachyura,0.05,OD A450 nm,Vrijenhoek,Harvey,Sandwich Hybridization Assay,,
Dorado389_2013_296_01_296_01,4,peak,1800,25,30,B1006_barnacles,0.051,OD A450 nm,Vrijenhoek,Harvey,Sandwich Hybridization Assay,,
Dorado389_2013_296_01_296_01,4,peak,1800,25,30,Cal1939_calanoida,0.308,OD A450 nm,Vrijenhoek,Harvey,Sandwich Hybridization Assay,,
Dorado389_2013_296_01_296_01,4,peak,1800,25,30,sab1182_sabellariidae,0.05,OD A450 nm,Vrijenhoek,Harvey,Sandwich Hybridization Assay,,
Dorado389_2013_296_01_296_01,4,peak,1800,25,30,tuni931_tunicata,0.937,OD A450 nm,Vrijenhoek,Harvey,Sandwich Hybridization Assay,,
Dorado389_2013_296_01_296_01,4,peak,1800,25,30,echi1712_echinoidea,2.037,OD A450 nm,Vrijenhoek,Harvey,Sandwich Hybridization Assay,,
Dorado389_2013_296_01_296_01,4,peak,1800,25,30,brac2467_brachyura,0.046,OD A450 nm,Vrijenhoek,Harvey,Sandwich Hybridization Assay,,
Dorado389_2013_296_01_296_01,5,peak,1800,25,30,B1006_barnacles,0.057,OD A450 nm,Vrijenhoek,Harvey,Sandwich Hybridization Assay,,
Dorado389_2013_296_01_296_01,5,peak,1800,25,30,Cal1939_calanoida,0.21,OD A450 nm,Vrijenhoek,Harvey,Sandwich Hybridization Assay,,
Dorado389_2013_296_01_296_01,5,peak,1800,25,30,sab1182_sabellariidae,0.056,OD A450 nm,Vrijenhoek,Harvey,Sandwich Hybridization Assay,,
Dorado389_2013_296_01_296_01,5,peak,1800,25,30,tuni931_tunicata,0.794,OD A450 nm,Vrijenhoek,Harvey,Sandwich Hybridization Assay,,
Dorado389_2013_296_01_296_01,5,peak,1800,25,30,echi1712_echinoidea,2.921,OD A450 nm,Vrijenhoek,Harvey,Sandwich Hybridization Assay,,
Dorado389_2013_296_01_296_01,5,peak,1800,25,30,brac2467_brachyura,0.055,OD A450 nm,Vrijenhoek,Harvey,Sandwich Hybridization Assay,,
Dorado389_2013_296_01_296_01,6,peak,1800,25,30,B1006_barnacles,0.048,OD A450 nm,Vrijenhoek,Harvey,Sandwich Hybridization Assay,,
Dorado389_2013_296_01_296_01,6,peak,1800,25,30,Cal1939_calanoida,0.536,OD A450 nm,Vrijenhoek,Harvey,Sandwich Hybridization Assay,,
Dorado389_2013_296_01_296_01,6,peak,1800,25,30,sab1182_sabellariidae,0.043,OD A450 nm,Vrijenhoek,Harvey,Sandwich Hybridization Assay,,
Dorado389_2013_296_01_296_01,6,peak,1800,25,30,tuni931_tunicata,1.623,OD A450 nm,Vrijenhoek,Harvey,Sandwich Hybridization Assay,,
Dorado389_2013_296_01_296_01,6,peak,1800,25,30,echi1712_echinoidea,0.815,OD A450 nm,Vrijenhoek,Harvey,Sandwich Hybridization Assay,,
Dorado389_2013_296_01_296_01,6,peak,1800,25,30,brac2467_brachyura,0.046,OD A450 nm,Vrijenhoek,Harvey,Sandwich Hybridization Assay,,
Dorado389_2013_296_01_296_01,7,peak,1800,25,30,B1006_barnacles,0.058,OD A450 nm,Vrijenhoek,Harvey,Sandwich Hybridization Assay,,
Dorado389_2013_296_01_296_01,7,peak,1800,25,30,Cal1939_calanoida,0.15,OD A450 nm,Vrijenhoek,Harvey,Sandwich Hybridization Assay,,
Dorado389_2013_296_01_296_01,7,peak,1800,25,30,sab1182_sabellariidae,0.055,OD A450 nm,Vrijenhoek,Harvey,Sandwich Hybridization Assay,,
Dorado389_2013_296_01_296_01,7,peak,1800,25,30,tuni931_tunicata,0.966,OD A450 nm,Vrijenhoek,Harvey,Sandwich Hybridization Assay,,
Dorado389_2013_296_01_296_01,7,peak,1800,25,30,echi1712_echinoidea,0.797,OD A450 nm,Vrijenhoek,Harvey,Sandwich Hybridization Assay,,
Dorado389_2013_296_01_296_01,7,peak,1800,25,30,brac2467_brachyura,0.046,OD A450 nm,Vrijenhoek,Harvey,Sandwich Hybridization Assay,,
Dorado389_2013_296_01_296_01,8,peak,1800,25,30,B1006_barnacles,0.061,OD A450 nm,Vrijenhoek,Harvey,Sandwich Hybridization Assay,,
Dorado389_2013_296_01_296_01,8,peak,1800,25,30,Cal1939_calanoida,0.239,OD A450 nm,Vrijenhoek,Harvey,Sandwich Hybridization Assay,,
Dorado389_2013_296_01_296_01,8,peak,1800,25,30,sab1182_sabellariidae,0.059,OD A450 nm,Vrijenhoek,Harvey,Sandwich Hybridization Assay,,
Dorado389_2013_296_01_296_01,8,peak,1800,25,30,tuni931_tunicata,2.093,OD A450 nm,Vrijenhoek,Harvey,Sandwich Hybridization Assay,,
Dorado389_2013_296_01_296_01,8,peak,1800,25,30,echi1712_echinoidea,0.799,OD A450 nm,Vrijenhoek,Harvey,Sandwich Hybridization Assay,,
Dorado389_2013_296_01_296_01,8,peak,1800,25,30,brac2467_brachyura,0.06,OD A450 nm,Vrijenhoek,Harvey,Sandwich Hybridization Assay,,
Dorado389_2013_297_01_297_01,0,peak,1800,25,30,B1006_barnacles,0.068,OD A450 nm,Vrijenhoek,Harvey,Sandwich Hybridization Assay,,
Dorado389_2013_297_01_297_01,0,peak,1800,25,30,Cal1939_calanoida,0.172,OD A450 nm,Vrijenhoek,Harvey,Sandwich Hybridization Assay,,
Dorado389_2013_297_01_297_01,0,peak,1800,25,30,sab1182_sabellariidae,0.084,OD A450 nm,Vrijenhoek,Harvey,Sandwich Hybridization Assay,,
Dorado389_2013_297_01_297_01,0,peak,1800,25,30,tuni931_tunicata,0.181,OD A450 nm,Vrijenhoek,Harvey,Sandwich Hybridization Assay,,
Dorado389_2013_297_01_297_01,0,peak,1800,25,30,echi1712_echinoidea,2.3,OD A450 nm,Vrijenhoek,Harvey,Sandwich Hybridization Assay,,
Dorado389_2013_297_01_297_01,0,peak,1800,25,30,brac2467_brachyura,0.056,OD A450 nm,Vrijenhoek,Harvey,Sandwich Hybridization Assay,,
Dorado389_2013_297_01_297_01,1,peak,1800,25,30,B1006_barnacles,0.053,OD A450 nm,Vrijenhoek,Harvey,Sandwich Hybridization Assay,,
Dorado389_2013_297_01_297_01,1,peak,1800,25,30,Cal1939_calanoida,0.159,OD A450 nm,Vrijenhoek,Harvey,Sandwich Hybridization Assay,,
Dorado389_2013_297_01_297_01,1,peak,1800,25,30,sab1182_sabellariidae,0.049,OD A450 nm,Vrijenhoek,Harvey,Sandwich Hybridization Assay,,
Dorado389_2013_297_01_297_01,1,peak,1800,25,30,tuni931_tunicata,0.404,OD A450 nm,Vrijenhoek,Harvey,Sandwich Hybridization Assay,,
Dorado389_2013_297_01_297_01,1,peak,1800,25,30,echi1712_echinoidea,2.197,OD A450 nm,Vrijenhoek,Harvey,Sandwich Hybridization Assay,,
Dorado389_2013_297_01_297_01,1,peak,1800,25,30,brac2467_brachyura,0.054,OD A450 nm,Vrijenhoek,Harvey,Sandwich Hybridization Assay,,
Dorado389_2013_297_01_297_01,2,peak,1800,25,30,B1006_barnacles,0.095,OD A450 nm,Vrijenhoek,Harvey,Sandwich Hybridization Assay,,
Dorado389_2013_297_01_297_01,2,peak,1800,25,30,Cal1939_calanoida,0.239,OD A450 nm,Vrijenhoek,Harvey,Sandwich Hybridization Assay,,
Dorado389_2013_297_01_297_01,2,peak,1800,25,30,sab1182_sabellariidae,0.095,OD A450 nm,Vrijenhoek,Harvey,Sandwich Hybridization Assay,,
Dorado389_2013_297_01_297_01,2,peak,1800,25,30,tuni931_tunicata,0.145,OD A450 nm,Vrijenhoek,Harvey,Sandwich Hybridization Assay,,
Dorado389_2013_297_01_297_01,2,peak,1800,25,30,echi1712_echinoidea,1.278,OD A450 nm,Vrijenhoek,Harvey,Sandwich Hybridization Assay,,
Dorado389_2013_297_01_297_01,2,peak,1800,25,30,brac2467_brachyura,0.074,OD A450 nm,Vrijenhoek,Harvey,Sandwich Hybridization Assay,,
Dorado389_2013_297_01_297_01,3,peak,1800,25,30,B1006_barnacles,0.061,OD A450 nm,Vrijenhoek,Harvey,Sandwich Hybridization Assay,,
Dorado389_2013_297_01_297_01,3,peak,1800,25,30,Cal1939_calanoida,0.1,OD A450 nm,Vrijenhoek,Harvey,Sandwich Hybridization Assay,,
Dorado389_2013_297_01_297_01,3,peak,1800,25,30,sab1182_sabellariidae,0.05,OD A450 nm,Vrijenhoek,Harvey,Sandwich Hybridization Assay,,
Dorado389_2013_297_01_297_01,3,peak,1800,25,30,tuni931_tunicata,0.081,OD A450 nm,Vrijenhoek,Harvey,Sandwich Hybridization Assay,,
Dorado389_2013_297_01_297_01,3,peak,1800,25,30,echi1712_echinoidea,3.386,OD A450 nm,Vrijenhoek,Harvey,Sandwich Hybridization Assay,,
Dorado389_2013_297_01_297_01,3,peak,1800,25,30,brac2467_brachyura,0.053,OD A450 nm,Vrijenhoek,Harvey,Sandwich Hybridization Assay,,
Dorado389_2013_297_01_297_01,4,peak,1800,25,30,B1006_barnacles,0.066,OD A450 nm,Vrijenhoek,Harvey,Sandwich Hybridization Assay,,
Dorado389_2013_297_01_297_01,4,peak,1800,25,30,Cal1939_calanoida,0.148,OD A450 nm,Vrijenhoek,Harvey,Sandwich Hybridization Assay,,
Dorado389_2013_297_01_297_01,4,peak,1800,25,30,sab1182_sabellariidae,0.057,OD A450 nm,Vrijenhoek,Harvey,Sandwich Hybridization Assay,,
Dorado389_2013_297_01_297_01,4,peak,1800,25,30,tuni931_tunicata,0.095,OD A450 nm,Vrijenhoek,Harvey,Sandwich Hybridization Assay,,
Dorado389_2013_297_01_297_01,4,peak,1800,25,30,echi1712_echinoidea,1.627,OD A450 nm,Vrijenhoek,Harvey,Sandwich Hybridization Assay,,
Dorado389_2013_297_01_297_01,4,peak,1800,25,30,brac2467_brachyura,0.048,OD A450 nm,Vrijenhoek,Harvey,Sandwich Hybridization Assay,,
Dorado389_2013_297_01_297_01,5,peak,1800,25,30,B1006_barnacles,0.06,OD A450 nm,Vrijenhoek,Harvey,Sandwich Hybridization Assay,,
Dorado389_2013_297_01_297_01,5,peak,1800,25,30,Cal1939_calanoida,0.219,OD A450 nm,Vrijenhoek,Harvey,Sandwich Hybridization Assay,,
Dorado389_2013_297_01_297_01,5,peak,1800,25,30,sab1182_sabellariidae,0.164,OD A450 nm,Vrijenhoek,Harvey,Sandwich Hybridization Assay,,
Dorado389_2013_297_01_297_01,5,peak,1800,25,30,tuni931_tunicata,0.202,OD A450 nm,Vrijenhoek,Harvey,Sandwich Hybridization Assay,,
Dorado389_2013_297_01_297_01,5,peak,1800,25,30,echi1712_echinoidea,3.665,OD A450 nm,Vrijenhoek,Harvey,Sandwich Hybridization Assay,,
Dorado389_2013_297_01_297_01,5,peak,1800,25,30,brac2467_brachyura,0.049,OD A450 nm,Vrijenhoek,Harvey,Sandwich Hybridization Assay,,
Dorado389_2013_297_01_297_01,6,peak,1800,25,30,B1006_barnacles,0.078,OD A450 nm,Vrijenhoek,Harvey,Sandwich Hybridization Assay,,
Dorado389_2013_297_01_297_01,6,peak,1800,25,30,Cal1939_calanoida,0.112,OD A450 nm,Vrijenhoek,Harvey,Sandwich Hybridization Assay,,
Dorado389_2013_297_01_297_01,6,peak,1800,25,30,sab1182_sabellariidae,0.063,OD A450 nm,Vrijenhoek,Harvey,Sandwich Hybridization Assay,,
Dorado389_2013_297_01_297_01,6,peak,1800,25,30,tuni931_tunicata,0.56,OD A450 nm,Vrijenhoek,Harvey,Sandwich Hybridization Assay,,
Dorado389_2013_297_01_297_01,6,peak,1800,25,30,echi1712_echinoidea,3.923,OD A450 nm,Vrijenhoek,Harvey,Sandwich Hybridization Assay,,
Dorado389_2013_297_01_297_01,6,peak,1800,25,30,brac2467_brachyura,0.059,OD A450 nm,Vrijenhoek,Harvey,Sandwich Hybridization Assay,,
Dorado389_2013_297_01_297_01,7,peak,1800,25,30,B1006_barnacles,0.062,OD A450 nm,Vrijenhoek,Harvey,Sandwich Hybridization Assay,,
Dorado389_2013_297_01_297_01,7,peak,1800,25,30,Cal1939_calanoida,0.166,OD A450 nm,Vrijenhoek,Harvey,Sandwich Hybridization Assay,,
Dorado389_2013_297_01_297_01,7,peak,1800,25,30,sab1182_sabellariidae,0.049,OD A450 nm,Vrijenhoek,Harvey,Sandwich Hybridization Assay,,
Dorado389_2013_297_01_297_01,7,peak,1800,25,30,tuni931_tunicata,0.315,OD A450 nm,Vrijenhoek,Harvey,Sandwich Hybridization Assay,,
Dorado389_2013_297_01_297_01,7,peak,1800,25,30,echi1712_echinoidea,3.988,OD A450 nm,Vrijenhoek,Harvey,Sandwich Hybridization Assay,,
Dorado389_2013_297_01_297_01,7,peak,1800,25,30,brac2467_brachyura,0.049,OD A450 nm,Vrijenhoek,Harvey,Sandwich Hybridization Assay,,
Dorado389_2013_297_01_297_01,8,peak,1800,25,30,B1006_barnacles,0.076,OD A450 nm,Vrijenhoek,Harvey,Sandwich Hybridization Assay,,
Dorado389_2013_297_01_297_01,8,peak,1800,25,30,Cal1939_calanoida,0.289,OD A450 nm,Vrijenhoek,Harvey,Sandwich Hybridization Assay,,
Dorado389_2013_297_01_297_01,8,peak,1800,25,30,sab1182_sabellariidae,0.073,OD A450 nm,Vrijenhoek,Harvey,Sandwich Hybridization Assay,,
Dorado389_2013_297_01_297_01,8,peak,1800,25,30,tuni931_tunicata,0.408,OD A450 nm,Vrijenhoek,Harvey,Sandwich Hybridization Assay,,
Dorado389_2013_297_01_297_01,8,peak,1800,25,30,echi1712_echinoidea,0.542,OD A450 nm,Vrijenhoek,Harvey,Sandwich Hybridization Assay,,
Dorado389_2013_297_01_297_01,8,peak,1800,25,30,brac2467_brachyura,0.06,OD A450 nm,Vrijenhoek,Harvey,Sandwich Hybridization Assay,,
Dorado389_2013_297_02_297_02,0,peak,1800,25,30,B1006_barnacles,0.051,OD A450 nm,Vrijenhoek,Harvey,Sandwich Hybridization Assay,,
Dorado389_2013_297_02_297_02,0,peak,1800,25,30,Cal1939_calanoida,0.234,OD A450 nm,Vrijenhoek,Harvey,Sandwich Hybridization Assay,,
Dorado389_2013_297_02_297_02,0,peak,1800,25,30,sab1182_sabellariidae,0.1,OD A450 nm,Vrijenhoek,Harvey,Sandwich Hybridization Assay,,
Dorado389_2013_297_02_297_02,0,peak,1800,25,30,tuni931_tunicata,0.054,OD A450 nm,Vrijenhoek,Harvey,Sandwich Hybridization Assay,,
Dorado389_2013_297_02_297_02,0,peak,1800,25,30,echi1712_echinoidea,0.31,OD A450 nm,Vrijenhoek,Harvey,Sandwich Hybridization Assay,,
Dorado389_2013_297_02_297_02,0,peak,1800,25,30,brac2467_brachyura,0.063,OD A450 nm,Vrijenhoek,Harvey,Sandwich Hybridization Assay,,
Dorado389_2013_297_02_297_02,1,peak,1800,25,30,B1006_barnacles,0.058,OD A450 nm,Vrijenhoek,Harvey,Sandwich Hybridization Assay,,
Dorado389_2013_297_02_297_02,1,peak,1800,25,30,Cal1939_calanoida,0.174,OD A450 nm,Vrijenhoek,Harvey,Sandwich Hybridization Assay,,
Dorado389_2013_297_02_297_02,1,peak,1800,25,30,sab1182_sabellariidae,0.03,OD A450 nm,Vrijenhoek,Harvey,Sandwich Hybridization Assay,,
Dorado389_2013_297_02_297_02,1,peak,1800,25,30,tuni931_tunicata,0.055,OD A450 nm,Vrijenhoek,Harvey,Sandwich Hybridization Assay,,
Dorado389_2013_297_02_297_02,1,peak,1800,25,30,echi1712_echinoidea,0.292,OD A450 nm,Vrijenhoek,Harvey,Sandwich Hybridization Assay,,
Dorado389_2013_297_02_297_02,1,peak,1800,25,30,brac2467_brachyura,0.031,OD A450 nm,Vrijenhoek,Harvey,Sandwich Hybridization Assay,,
Dorado389_2013_297_02_297_02,2,peak,1800,25,30,B1006_barnacles,0.069,OD A450 nm,Vrijenhoek,Harvey,Sandwich Hybridization Assay,,
Dorado389_2013_297_02_297_02,2,peak,1800,25,30,Cal1939_calanoida,0.137,OD A450 nm,Vrijenhoek,Harvey,Sandwich Hybridization Assay,,
Dorado389_2013_297_02_297_02,2,peak,1800,25,30,sab1182_sabellariidae,0.155,OD A450 nm,Vrijenhoek,Harvey,Sandwich Hybridization Assay,,
Dorado389_2013_297_02_297_02,2,peak,1800,25,30,tuni931_tunicata,0.474,OD A450 nm,Vrijenhoek,Harvey,Sandwich Hybridization Assay,,
Dorado389_2013_297_02_297_02,2,peak,1800,25,30,echi1712_echinoidea,0.21,OD A450 nm,Vrijenhoek,Harvey,Sandwich Hybridization Assay,,
Dorado389_2013_297_02_297_02,2,peak,1800,25,30,brac2467_brachyura,0.059,OD A450 nm,Vrijenhoek,Harvey,Sandwich Hybridization Assay,,
Dorado389_2013_297_02_297_02,3,peak,1800,25,30,B1006_barnacles,0.1,OD A450 nm,Vrijenhoek,Harvey,Sandwich Hybridization Assay,,
Dorado389_2013_297_02_297_02,3,peak,1800,25,30,Cal1939_calanoida,0.409,OD A450 nm,Vrijenhoek,Harvey,Sandwich Hybridization Assay,,
Dorado389_2013_297_02_297_02,3,peak,1800,25,30,sab1182_sabellariidae,0.208,OD A450 nm,Vrijenhoek,Harvey,Sandwich Hybridization Assay,,
Dorado389_2013_297_02_297_02,3,peak,1800,25,30,tuni931_tunicata,1.712,OD A450 nm,Vrijenhoek,Harvey,Sandwich Hybridization Assay,,
Dorado389_2013_297_02_297_02,3,peak,1800,25,30,echi1712_echinoidea,0.15,OD A450 nm,Vrijenhoek,Harvey,Sandwich Hybridization Assay,,
Dorado389_2013_297_02_297_02,3,peak,1800,25,30,brac2467_brachyura,0.05,OD A450 nm,Vrijenhoek,Harvey,Sandwich Hybridization Assay,,
Dorado389_2013_297_02_297_02,4,peak,1800,25,30,B1006_barnacles,0.061,OD A450 nm,Vrijenhoek,Harvey,Sandwich Hybridization Assay,,
Dorado389_2013_297_02_297_02,4,peak,1800,25,30,Cal1939_calanoida,0.593,OD A450 nm,Vrijenhoek,Harvey,Sandwich Hybridization Assay,,
Dorado389_2013_297_02_297_02,4,peak,1800,25,30,sab1182_sabellariidae,0.046,OD A450 nm,Vrijenhoek,Harvey,Sandwich Hybridization Assay,,
Dorado389_2013_297_02_297_02,4,peak,1800,25,30,tuni931_tunicata,0.102,OD A450 nm,Vrijenhoek,Harvey,Sandwich Hybridization Assay,,
Dorado389_2013_297_02_297_02,4,peak,1800,25,30,echi1712_echinoidea,1.168,OD A450 nm,Vrijenhoek,Harvey,Sandwich Hybridization Assay,,
Dorado389_2013_297_02_297_02,4,peak,1800,25,30,brac2467_brachyura,0.062,OD A450 nm,Vrijenhoek,Harvey,Sandwich Hybridization Assay,,
Dorado389_2013_297_02_297_02,5,peak,1800,25,30,B1006_barnacles,0.091,OD A450 nm,Vrijenhoek,Harvey,Sandwich Hybridization Assay,,
Dorado389_2013_297_02_297_02,5,peak,1800,25,30,Cal1939_calanoida,0.208,OD A450 nm,Vrijenhoek,Harvey,Sandwich Hybridization Assay,,
Dorado389_2013_297_02_297_02,5,peak,1800,25,30,sab1182_sabellariidae,0.048,OD A450 nm,Vrijenhoek,Harvey,Sandwich Hybridization Assay,,
Dorado389_2013_297_02_297_02,5,peak,1800,25,30,tuni931_tunicata,0.713,OD A450 nm,Vrijenhoek,Harvey,Sandwich Hybridization Assay,,
Dorado389_2013_297_02_297_02,5,peak,1800,25,30,echi1712_echinoidea,0.941,OD A450 nm,Vrijenhoek,Harvey,Sandwich Hybridization Assay,,
Dorado389_2013_297_02_297_02,5,peak,1800,25,30,brac2467_brachyura,0.046,OD A450 nm,Vrijenhoek,Harvey,Sandwich Hybridization Assay,,
Dorado389_2013_297_02_297_02,6,peak,1800,25,30,B1006_barnacles,0.079,OD A450 nm,Vrijenhoek,Harvey,Sandwich Hybridization Assay,,
Dorado389_2013_297_02_297_02,6,peak,1800,25,30,Cal1939_calanoida,0.185,OD A450 nm,Vrijenhoek,Harvey,Sandwich Hybridization Assay,,
Dorado389_2013_297_02_297_02,6,peak,1800,25,30,sab1182_sabellariidae,0.08,OD A450 nm,Vrijenhoek,Harvey,Sandwich Hybridization Assay,,
Dorado389_2013_297_02_297_02,6,peak,1800,25,30,tuni931_tunicata,0.251,OD A450 nm,Vrijenhoek,Harvey,Sandwich Hybridization Assay,,
Dorado389_2013_297_02_297_02,6,peak,1800,25,30,echi1712_echinoidea,1.837,OD A450 nm,Vrijenhoek,Harvey,Sandwich Hybridization Assay,,
Dorado389_2013_297_02_297_02,6,peak,1800,25,30,brac2467_brachyura,0.066,OD A450 nm,Vrijenhoek,Harvey,Sandwich Hybridization Assay,,
Dorado389_2013_297_02_297_02,7,peak,1800,25,30,B1006_barnacles,0.098,OD A450 nm,Vrijenhoek,Harvey,Sandwich Hybridization Assay,,
Dorado389_2013_297_02_297_02,7,peak,1800,25,30,Cal1939_calanoida,0.236,OD A450 nm,Vrijenhoek,Harvey,Sandwich Hybridization Assay,,
Dorado389_2013_297_02_297_02,7,peak,1800,25,30,sab1182_sabellariidae,0.087,OD A450 nm,Vrijenhoek,Harvey,Sandwich Hybridization Assay,,
Dorado389_2013_297_02_297_02,7,peak,1800,25,30,tuni931_tunicata,0.792,OD A450 nm,Vrijenhoek,Harvey,Sandwich Hybridization Assay,,
Dorado389_2013_297_02_297_02,7,peak,1800,25,30,echi1712_echinoidea,0.241,OD A450 nm,Vrijenhoek,Harvey,Sandwich Hybridization Assay,,
Dorado389_2013_297_02_297_02,7,peak,1800,25,30,brac2467_brachyura,0.054,OD A450 nm,Vrijenhoek,Harvey,Sandwich Hybridization Assay,,
Dorado389_2013_297_02_297_02,8,peak,1800,25,30,B1006_barnacles,0.075,OD A450 nm,Vrijenhoek,Harvey,Sandwich Hybridization Assay,,
Dorado389_2013_297_02_297_02,8,peak,1800,25,30,Cal1939_calanoida,0.112,OD A450 nm,Vrijenhoek,Harvey,Sandwich Hybridization Assay,,
Dorado389_2013_297_02_297_02,8,peak,1800,25,30,sab1182_sabellariidae,0.039,OD A450 nm,Vrijenhoek,Harvey,Sandwich Hybridization Assay,,
Dorado389_2013_297_02_297_02,8,peak,1800,25,30,tuni931_tunicata,1.23,OD A450 nm,Vrijenhoek,Harvey,Sandwich Hybridization Assay,,
Dorado389_2013_297_02_297_02,8,peak,1800,25,30,echi1712_echinoidea,0.213,OD A450 nm,Vrijenhoek,Harvey,Sandwich Hybridization Assay,,
Dorado389_2013_297_02_297_02,8,peak,1800,25,30,brac2467_brachyura,0.035,OD A450 nm,Vrijenhoek,Harvey,Sandwich Hybridization Assay,,
Dorado389_2013_298_00_298_00,0,peak,1800,25,30,B1006_barnacles,0.071,OD A450 nm,Vrijenhoek,Harvey,Sandwich Hybridization Assay,,
Dorado389_2013_298_00_298_00,0,peak,1800,25,30,Cal1939_calanoida,0.196,OD A450 nm,Vrijenhoek,Harvey,Sandwich Hybridization Assay,,
Dorado389_2013_298_00_298_00,0,peak,1800,25,30,sab1182_sabellariidae,0.11,OD A450 nm,Vrijenhoek,Harvey,Sandwich Hybridization Assay,,
Dorado389_2013_298_00_298_00,0,peak,1800,25,30,tuni931_tunicata,0.367,OD A450 nm,Vrijenhoek,Harvey,Sandwich Hybridization Assay,,
Dorado389_2013_298_00_298_00,0,peak,1800,25,30,echi1712_echinoidea,1.344,OD A450 nm,Vrijenhoek,Harvey,Sandwich Hybridization Assay,,
Dorado389_2013_298_00_298_00,0,peak,1800,25,30,brac2467_brachyura,0.048,OD A450 nm,Vrijenhoek,Harvey,Sandwich Hybridization Assay,,
Dorado389_2013_298_00_298_00,1,peak,1800,25,30,B1006_barnacles,0.112,OD A450 nm,Vrijenhoek,Harvey,Sandwich Hybridization Assay,,
Dorado389_2013_298_00_298_00,1,peak,1800,25,30,Cal1939_calanoida,0.129,OD A450 nm,Vrijenhoek,Harvey,Sandwich Hybridization Assay,,
Dorado389_2013_298_00_298_00,1,peak,1800,25,30,sab1182_sabellariidae,0.067,OD A450 nm,Vrijenhoek,Harvey,Sandwich Hybridization Assay,,
Dorado389_2013_298_00_298_00,1,peak,1800,25,30,tuni931_tunicata,1.231,OD A450 nm,Vrijenhoek,Harvey,Sandwich Hybridization Assay,,
Dorado389_2013_298_00_298_00,1,peak,1800,25,30,echi1712_echinoidea,4,OD A450 nm,Vrijenhoek,Harvey,Sandwich Hybridization Assay,,
Dorado389_2013_298_00_298_00,1,peak,1800,25,30,brac2467_brachyura,0.057,OD A450 nm,Vrijenhoek,Harvey,Sandwich Hybridization Assay,,
Dorado389_2013_298_00_298_00,2,peak,1800,25,30,B1006_barnacles,0.124,OD A450 nm,Vrijenhoek,Harvey,Sandwich Hybridization Assay,,
Dorado389_2013_298_00_298_00,2,peak,1800,25,30,Cal1939_calanoida,0.174,OD A450 nm,Vrijenhoek,Harvey,Sandwich Hybridization Assay,,
Dorado389_2013_298_00_298_00,2,peak,1800,25,30,sab1182_sabellariidae,0.068,OD A450 nm,Vrijenhoek,Harvey,Sandwich Hybridization Assay,,
Dorado389_2013_298_00_298_00,2,peak,1800,25,30,tuni931_tunicata,0.439,OD A450 nm,Vrijenhoek,Harvey,Sandwich Hybridization Assay,,
Dorado389_2013_298_00_298_00,2,peak,1800,25,30,echi1712_echinoidea,4,OD A450 nm,Vrijenhoek,Harvey,Sandwich Hybridization Assay,,
Dorado389_2013_298_00_298_00,2,peak,1800,25,30,brac2467_brachyura,0.057,OD A450 nm,Vrijenhoek,Harvey,Sandwich Hybridization Assay,,
Dorado389_2013_298_00_298_00,3,peak,1800,25,30,B1006_barnacles,0.091,OD A450 nm,Vrijenhoek,Harvey,Sandwich Hybridization Assay,,
Dorado389_2013_298_00_298_00,3,peak,1800,25,30,Cal1939_calanoida,0.407,OD A450 nm,Vrijenhoek,Harvey,Sandwich Hybridization Assay,,
Dorado389_2013_298_00_298_00,3,peak,1800,25,30,sab1182_sabellariidae,0.197,OD A450 nm,Vrijenhoek,Harvey,Sandwich Hybridization Assay,,
Dorado389_2013_298_00_298_00,3,peak,1800,25,30,tuni931_tunicata,0.415,OD A450 nm,Vrijenhoek,Harvey,Sandwich Hybridization Assay,,
Dorado389_2013_298_00_298_00,3,peak,1800,25,30,echi1712_echinoidea,4,OD A450 nm,Vrijenhoek,Harvey,Sandwich Hybridization Assay,,
Dorado389_2013_298_00_298_00,3,peak,1800,25,30,brac2467_brachyura,0.055,OD A450 nm,Vrijenhoek,Harvey,Sandwich Hybridization Assay,,
Dorado389_2013_298_00_298_00,4,peak,1800,25,30,B1006_barnacles,0.148,OD A450 nm,Vrijenhoek,Harvey,Sandwich Hybridization Assay,,
Dorado389_2013_298_00_298_00,4,peak,1800,25,30,Cal1939_calanoida,0.155,OD A450 nm,Vrijenhoek,Harvey,Sandwich Hybridization Assay,,
Dorado389_2013_298_00_298_00,4,peak,1800,25,30,sab1182_sabellariidae,0.064,OD A450 nm,Vrijenhoek,Harvey,Sandwich Hybridization Assay,,
Dorado389_2013_298_00_298_00,4,peak,1800,25,30,tuni931_tunicata,0.172,OD A450 nm,Vrijenhoek,Harvey,Sandwich Hybridization Assay,,
Dorado389_2013_298_00_298_00,4,peak,1800,25,30,echi1712_echinoidea,4,OD A450 nm,Vrijenhoek,Harvey,Sandwich Hybridization Assay,,
Dorado389_2013_298_00_298_00,4,peak,1800,25,30,brac2467_brachyura,0.053,OD A450 nm,Vrijenhoek,Harvey,Sandwich Hybridization Assay,,
Dorado389_2013_298_00_298_00,5,peak,1800,25,30,B1006_barnacles,0.112,OD A450 nm,Vrijenhoek,Harvey,Sandwich Hybridization Assay,,
Dorado389_2013_298_00_298_00,5,peak,1800,25,30,Cal1939_calanoida,0.195,OD A450 nm,Vrijenhoek,Harvey,Sandwich Hybridization Assay,,
Dorado389_2013_298_00_298_00,5,peak,1800,25,30,sab1182_sabellariidae,0.284,OD A450 nm,Vrijenhoek,Harvey,Sandwich Hybridization Assay,,
Dorado389_2013_298_00_298_00,5,peak,1800,25,30,tuni931_tunicata,0.413,OD A450 nm,Vrijenhoek,Harvey,Sandwich Hybridization Assay,,
Dorado389_2013_298_00_298_00,5,peak,1800,25,30,echi1712_echinoidea,3.944,OD A450 nm,Vrijenhoek,Harvey,Sandwich Hybridization Assay,,
Dorado389_2013_298_00_298_00,5,peak,1800,25,30,brac2467_brachyura,0.053,OD A450 nm,Vrijenhoek,Harvey,Sandwich Hybridization Assay,,
Dorado389_2013_298_00_298_00,6,peak,1800,25,30,B1006_barnacles,0.062,OD A450 nm,Vrijenhoek,Harvey,Sandwich Hybridization Assay,,
Dorado389_2013_298_00_298_00,6,peak,1800,25,30,Cal1939_calanoida,0.179,OD A450 nm,Vrijenhoek,Harvey,Sandwich Hybridization Assay,,
Dorado389_2013_298_00_298_00,6,peak,1800,25,30,sab1182_sabellariidae,0.05,OD A450 nm,Vrijenhoek,Harvey,Sandwich Hybridization Assay,,
Dorado389_2013_298_00_298_00,6,peak,1800,25,30,tuni931_tunicata,0.217,OD A450 nm,Vrijenhoek,Harvey,Sandwich Hybridization Assay,,
Dorado389_2013_298_00_298_00,6,peak,1800,25,30,echi1712_echinoidea,0.414,OD A450 nm,Vrijenhoek,Harvey,Sandwich Hybridization Assay,,
Dorado389_2013_298_00_298_00,6,peak,1800,25,30,brac2467_brachyura,0.048,OD A450 nm,Vrijenhoek,Harvey,Sandwich Hybridization Assay,,
Dorado389_2013_298_00_298_00,7,peak,1800,25,30,B1006_barnacles,0.052,OD A450 nm,Vrijenhoek,Harvey,Sandwich Hybridization Assay,,
Dorado389_2013_298_00_298_00,7,peak,1800,25,30,Cal1939_calanoida,0.583,OD A450 nm,Vrijenhoek,Harvey,Sandwich Hybridization Assay,,
Dorado389_2013_298_00_298_00,7,peak,1800,25,30,sab1182_sabellariidae,0.051,OD A450 nm,Vrijenhoek,Harvey,Sandwich Hybridization Assay,,
Dorado389_2013_298_00_298_00,7,peak,1800,25,30,tuni931_tunicata,2.238,OD A450 nm,Vrijenhoek,Harvey,Sandwich Hybridization Assay,,
Dorado389_2013_298_00_298_00,7,peak,1800,25,30,echi1712_echinoidea,0.412,OD A450 nm,Vrijenhoek,Harvey,Sandwich Hybridization Assay,,
Dorado389_2013_298_00_298_00,7,peak,1800,25,30,brac2467_brachyura,0.053,OD A450 nm,Vrijenhoek,Harvey,Sandwich Hybridization Assay,,
Dorado389_2013_298_00_298_00,8,peak,1800,25,30,B1006_barnacles,0.066,OD A450 nm,Vrijenhoek,Harvey,Sandwich Hybridization Assay,,
Dorado389_2013_298_00_298_00,8,peak,1800,25,30,Cal1939_calanoida,0.351,OD A450 nm,Vrijenhoek,Harvey,Sandwich Hybridization Assay,,
Dorado389_2013_298_00_298_00,8,peak,1800,25,30,sab1182_sabellariidae,0.076,OD A450 nm,Vrijenhoek,Harvey,Sandwich Hybridization Assay,,
Dorado389_2013_298_00_298_00,8,peak,1800,25,30,tuni931_tunicata,0.051,OD A450 nm,Vrijenhoek,Harvey,Sandwich Hybridization Assay,,
Dorado389_2013_298_00_298_00,8,peak,1800,25,30,echi1712_echinoidea,0.27,OD A450 nm,Vrijenhoek,Harvey,Sandwich Hybridization Assay,,
Dorado389_2013_298_00_298_00,8,peak,1800,25,30,brac2467_brachyura,0.013,OD A450 nm,Vrijenhoek,Harvey,Sandwich Hybridization Assay,,
Dorado389_2013_298_01_298_01,0,peak,1800,25,30,B1006_barnacles,0.057,OD A450 nm,Vrijenhoek,Harvey,Sandwich Hybridization Assay,,
Dorado389_2013_298_01_298_01,0,peak,1800,25,30,Cal1939_calanoida,0.116,OD A450 nm,Vrijenhoek,Harvey,Sandwich Hybridization Assay,,
Dorado389_2013_298_01_298_01,0,peak,1800,25,30,sab1182_sabellariidae,0.051,OD A450 nm,Vrijenhoek,Harvey,Sandwich Hybridization Assay,,
Dorado389_2013_298_01_298_01,0,peak,1800,25,30,tuni931_tunicata,0.055,OD A450 nm,Vrijenhoek,Harvey,Sandwich Hybridization Assay,,
Dorado389_2013_298_01_298_01,0,peak,1800,25,30,echi1712_echinoidea,0.115,OD A450 nm,Vrijenhoek,Harvey,Sandwich Hybridization Assay,,
Dorado389_2013_298_01_298_01,0,peak,1800,25,30,brac2467_brachyura,0.051,OD A450 nm,Vrijenhoek,Harvey,Sandwich Hybridization Assay,,
Dorado389_2013_298_01_298_01,1,peak,1800,25,30,B1006_barnacles,0.047,OD A450 nm,Vrijenhoek,Harvey,Sandwich Hybridization Assay,,
Dorado389_2013_298_01_298_01,1,peak,1800,25,30,Cal1939_calanoida,0.087,OD A450 nm,Vrijenhoek,Harvey,Sandwich Hybridization Assay,,
Dorado389_2013_298_01_298_01,1,peak,1800,25,30,sab1182_sabellariidae,0.043,OD A450 nm,Vrijenhoek,Harvey,Sandwich Hybridization Assay,,
Dorado389_2013_298_01_298_01,1,peak,1800,25,30,tuni931_tunicata,0.063,OD A450 nm,Vrijenhoek,Harvey,Sandwich Hybridization Assay,,
Dorado389_2013_298_01_298_01,1,peak,1800,25,30,echi1712_echinoidea,0.453,OD A450 nm,Vrijenhoek,Harvey,Sandwich Hybridization Assay,,
Dorado389_2013_298_01_298_01,1,peak,1800,25,30,brac2467_brachyura,0.045,OD A450 nm,Vrijenhoek,Harvey,Sandwich Hybridization Assay,,
Dorado389_2013_298_01_298_01,2,peak,1800,25,30,B1006_barnacles,0.06,OD A450 nm,Vrijenhoek,Harvey,Sandwich Hybridization Assay,,
Dorado389_2013_298_01_298_01,2,peak,1800,25,30,Cal1939_calanoida,0.081,OD A450 nm,Vrijenhoek,Harvey,Sandwich Hybridization Assay,,
Dorado389_2013_298_01_298_01,2,peak,1800,25,30,sab1182_sabellariidae,0.042,OD A450 nm,Vrijenhoek,Harvey,Sandwich Hybridization Assay,,
Dorado389_2013_298_01_298_01,2,peak,1800,25,30,tuni931_tunicata,0.047,OD A450 nm,Vrijenhoek,Harvey,Sandwich Hybridization Assay,,
Dorado389_2013_298_01_298_01,2,peak,1800,25,30,echi1712_echinoidea,0.194,OD A450 nm,Vrijenhoek,Harvey,Sandwich Hybridization Assay,,
Dorado389_2013_298_01_298_01,2,peak,1800,25,30,brac2467_brachyura,0.046,OD A450 nm,Vrijenhoek,Harvey,Sandwich Hybridization Assay,,
Dorado389_2013_298_01_298_01,3,peak,1800,25,30,B1006_barnacles,0.092,OD A450 nm,Vrijenhoek,Harvey,Sandwich Hybridization Assay,,
Dorado389_2013_298_01_298_01,3,peak,1800,25,30,Cal1939_calanoida,0.135,OD A450 nm,Vrijenhoek,Harvey,Sandwich Hybridization Assay,,
Dorado389_2013_298_01_298_01,3,peak,1800,25,30,sab1182_sabellariidae,0.106,OD A450 nm,Vrijenhoek,Harvey,Sandwich Hybridization Assay,,
Dorado389_2013_298_01_298_01,3,peak,1800,25,30,tuni931_tunicata,0.179,OD A450 nm,Vrijenhoek,Harvey,Sandwich Hybridization Assay,,
Dorado389_2013_298_01_298_01,3,peak,1800,25,30,echi1712_echinoidea,0.128,OD A450 nm,Vrijenhoek,Harvey,Sandwich Hybridization Assay,,
Dorado389_2013_298_01_298_01,3,peak,1800,25,30,brac2467_brachyura,0.086,OD A450 nm,Vrijenhoek,Harvey,Sandwich Hybridization Assay,,
Dorado389_2013_298_01_298_01,4,peak,1800,25,30,B1006_barnacles,0.064,OD A450 nm,Vrijenhoek,Harvey,Sandwich Hybridization Assay,,
Dorado389_2013_298_01_298_01,4,peak,1800,25,30,Cal1939_calanoida,0.182,OD A450 nm,Vrijenhoek,Harvey,Sandwich Hybridization Assay,,
Dorado389_2013_298_01_298_01,4,peak,1800,25,30,sab1182_sabellariidae,0.06,OD A450 nm,Vrijenhoek,Harvey,Sandwich Hybridization Assay,,
Dorado389_2013_298_01_298_01,4,peak,1800,25,30,tuni931_tunicata,0.113,OD A450 nm,Vrijenhoek,Harvey,Sandwich Hybridization Assay,,
Dorado389_2013_298_01_298_01,4,peak,1800,25,30,echi1712_echinoidea,0.165,OD A450 nm,Vrijenhoek,Harvey,Sandwich Hybridization Assay,,
Dorado389_2013_298_01_298_01,4,peak,1800,25,30,brac2467_brachyura,0.046,OD A450 nm,Vrijenhoek,Harvey,Sandwich Hybridization Assay,,
Dorado389_2013_298_01_298_01,5,peak,1800,25,30,B1006_barnacles,0.047,OD A450 nm,Vrijenhoek,Harvey,Sandwich Hybridization Assay,,
Dorado389_2013_298_01_298_01,5,peak,1800,25,30,Cal1939_calanoida,0.286,OD A450 nm,Vrijenhoek,Harvey,Sandwich Hybridization Assay,,
Dorado389_2013_298_01_298_01,5,peak,1800,25,30,sab1182_sabellariidae,0.05,OD A450 nm,Vrijenhoek,Harvey,Sandwich Hybridization Assay,,
Dorado389_2013_298_01_298_01,5,peak,1800,25,30,tuni931_tunicata,1.407,OD A450 nm,Vrijenhoek,Harvey,Sandwich Hybridization Assay,,
Dorado389_2013_298_01_298_01,5,peak,1800,25,30,echi1712_echinoidea,0.155,OD A450 nm,Vrijenhoek,Harvey,Sandwich Hybridization Assay,,
Dorado389_2013_298_01_298_01,5,peak,1800,25,30,brac2467_brachyura,0.048,OD A450 nm,Vrijenhoek,Harvey,Sandwich Hybridization Assay,,
Dorado389_2013_298_01_298_01,6,peak,1800,25,30,B1006_barnacles,0.057,OD A450 nm,Vrijenhoek,Harvey,Sandwich Hybridization Assay,,
Dorado389_2013_298_01_298_01,6,peak,1800,25,30,Cal1939_calanoida,0.371,OD A450 nm,Vrijenhoek,Harvey,Sandwich Hybridization Assay,,
Dorado389_2013_298_01_298_01,6,peak,1800,25,30,sab1182_sabellariidae,0.17,OD A450 nm,Vrijenhoek,Harvey,Sandwich Hybridization Assay,,
Dorado389_2013_298_01_298_01,6,peak,1800,25,30,tuni931_tunicata,0.773,OD A450 nm,Vrijenhoek,Harvey,Sandwich Hybridization Assay,,
Dorado389_2013_298_01_298_01,6,peak,1800,25,30,echi1712_echinoidea,0.373,OD A450 nm,Vrijenhoek,Harvey,Sandwich Hybridization Assay,,
Dorado389_2013_298_01_298_01,6,peak,1800,25,30,brac2467_brachyura,0.046,OD A450 nm,Vrijenhoek,Harvey,Sandwich Hybridization Assay,,
Dorado389_2013_298_01_298_01,7,peak,1800,25,30,B1006_barnacles,0.061,OD A450 nm,Vrijenhoek,Harvey,Sandwich Hybridization Assay,,
Dorado389_2013_298_01_298_01,7,peak,1800,25,30,Cal1939_calanoida,1.003,OD A450 nm,Vrijenhoek,Harvey,Sandwich Hybridization Assay,,
Dorado389_2013_298_01_298_01,7,peak,1800,25,30,sab1182_sabellariidae,0.238,OD A450 nm,Vrijenhoek,Harvey,Sandwich Hybridization Assay,,
Dorado389_2013_298_01_298_01,7,peak,1800,25,30,tuni931_tunicata,2.111,OD A450 nm,Vrijenhoek,Harvey,Sandwich Hybridization Assay,,
Dorado389_2013_298_01_298_01,7,peak,1800,25,30,echi1712_echinoidea,1.989,OD A450 nm,Vrijenhoek,Harvey,Sandwich Hybridization Assay,,
Dorado389_2013_298_01_298_01,7,peak,1800,25,30,brac2467_brachyura,0.059,OD A450 nm,Vrijenhoek,Harvey,Sandwich Hybridization Assay,,
Dorado389_2013_298_01_298_01,8,peak,1800,25,30,B1006_barnacles,0.052,OD A450 nm,Vrijenhoek,Harvey,Sandwich Hybridization Assay,,
Dorado389_2013_298_01_298_01,8,peak,1800,25,30,Cal1939_calanoida,0.552,OD A450 nm,Vrijenhoek,Harvey,Sandwich Hybridization Assay,,
Dorado389_2013_298_01_298_01,8,peak,1800,25,30,sab1182_sabellariidae,0.194,OD A450 nm,Vrijenhoek,Harvey,Sandwich Hybridization Assay,,
Dorado389_2013_298_01_298_01,8,peak,1800,25,30,tuni931_tunicata,1.04,OD A450 nm,Vrijenhoek,Harvey,Sandwich Hybridization Assay,,
Dorado389_2013_298_01_298_01,8,peak,1800,25,30,echi1712_echinoidea,2.403,OD A450 nm,Vrijenhoek,Harvey,Sandwich Hybridization Assay,,
Dorado389_2013_298_01_298_01,8,peak,1800,25,30,brac2467_brachyura,0.051,OD A450 nm,Vrijenhoek,Harvey,Sandwich Hybridization Assay,,
